Seed,Test_R2,Features_Count
42,0.5340148698819556,28
123,0.625826217766634,41
2024,-0.6095597908261456,16
888,0.7501926251920156,41
666,0.5660841229752509,25
1,0.620838196433428,31
7,0.3704139391827861,18
99,0.1852044094468106,48
100,0.6334348260217382,23
288,0.7294363014250989,21
