{
  "thresholds": {
    "knn": {
      "thr_in": 8.862857852565577,
      "thr_out": 11.335327994448761,
      "Q_IN": 0.8,
      "Q_OUT": 0.95,
      "K": 5
    },
    "mahal": {
      "thr_in": 10.148785769645878,
      "thr_out": 10.149355723377061,
      "Q_IN": 0.8,
      "Q_OUT": 0.95,
      "RIDGE": 1e-06
    }
  },
  "groups_knn": {
    "In(<=Q80)": {
      "n": 8,
      "r2": -0.6444815324730351,
      "rmse": 2.0461789795506404,
      "mae": 1.4002245446250003,
      "mean_abs_error": 1.4002245446250003
    },
    "Mid": {
      "n": 6,
      "r2": -1.3967694597353586,
      "rmse": 2.164617390371761,
      "mae": 1.76431818,
      "mean_abs_error": 1.76431818
    },
    "Out(>=Q95)": {
      "n": 9,
      "r2": -0.32328922651917247,
      "rmse": 1.9534470955828314,
      "mae": 1.5818436380000003,
      "mean_abs_error": 1.5818436380000003
    }
  },
  "groups_mahal": {
    "Out(>=Q95)": {
      "n": 23,
      "r2": -0.5136499223743676,
      "rmse": 2.0425027061682606,
      "mae": 1.5662738338695654,
      "mean_abs_error": 1.5662738338695654
    }
  },
  "overall": {
    "r2": -0.5136499223743676,
    "rmse": 2.0425027061682606,
    "mae": 1.5662738338695654
  }
}