Target_Log1o2,Predicted
6.361727836,7.562134
8.897627091,7.136011
5.301029996,6.5329227
7.397940009,7.4384456
8.0,6.448896
7.301029996,7.2894278
2.301029996,3.4712214
8.755874856,8.047211
8.079181246,6.86304
5.60206,6.2096176
6.84509804,6.944467
7.716003344,7.868333
7.113943352,6.322524
7.556302501,7.051493
3.716003344,4.6648207
6.95904,6.0108404
5.90956,7.4785547
3.602059991,5.0662355
7.602059991,5.563117
4.491361694,3.870009
3.653212514,4.479056
8.079181246,7.584827
6.113943352,7.259347
