{"regressor__svr__C": 61.51519384176873, "regressor__svr__epsilon": 0.05183941032332593, "regressor__svr__gamma": 0.0015956700210656624}