{"regressor__svr__C": 2.0914981329035602, "regressor__svr__epsilon": 0.08050955871119471, "regressor__svr__gamma": 0.013785322267847979}